y0,y1,x0,x1,n,median,scatter,slope,score
120,150,6,14,20,0.2740,0.5697,-1.6755,1.1319
120,150,12,20,20,0.3807,0.6412,-1.9885,1.0605
120,150,18,26,20,0.3913,0.5964,-1.8445,1.0040
120,150,24,32,21,0.3248,0.6274,-1.9180,1.1158
120,150,30,38,21,0.2983,0.6076,-1.9120,1.1329
120,150,36,44,20,0.3048,0.5741,-1.8985,1.0902
120,150,42,50,21,0.2914,0.6399,-2.0083,1.1754
135,165,6,14,20,0.3031,0.5148,-1.4472,1.0333
135,165,12,20,20,0.3010,0.5297,-1.5529,1.0512
135,165,18,26,21,0.2950,0.5034,-1.4997,1.0337
135,165,24,32,21,0.3141,0.5079,-1.4996,1.0108
135,165,30,38,21,0.2734,0.4771,-1.3412,1.0403
135,165,36,44,20,0.2954,0.4809,-1.4981,1.0105
135,165,42,50,21,0.2880,0.5291,-1.7217,1.0698
150,180,6,14,21,0.3695,0.4577,-1.3018,0.8901
150,180,12,20,20,0.3330,0.4253,-1.1526,0.9028
150,180,18,26,20,0.3040,0.3874,-1.1085,0.9045
150,180,24,32,21,0.2963,3.4704,-7.2339,3.9987
150,180,30,38,21,0.3094,0.4198,-1.1772,0.9294
150,180,36,44,20,0.3716,0.4550,-1.3081,0.8849
150,180,42,50,21,0.3780,0.4310,-1.2392,0.8535
165,195,6,14,21,0.4450,0.4318,-1.2842,0.7835
165,195,12,20,21,0.3454,0.3591,-0.9008,0.8208
165,195,18,26,21,0.3844,0.3304,-0.5221,0.7457
165,195,24,32,21,0.3970,0.3123,-0.6366,0.7136
165,195,30,38,21,0.4236,0.3015,-0.5237,0.6745
165,195,36,44,21,0.4470,0.3192,-0.5972,0.6689
165,195,42,50,21,0.5004,0.4005,-1.0299,0.7012
180,210,6,14,21,0.5176,0.4370,-1.4224,0.7230
180,210,12,20,21,0.4248,0.3121,-0.7604,0.6839
180,210,18,26,21,0.5128,0.2924,-0.4592,0.5824
180,210,24,32,21,0.5615,0.2792,-0.2186,0.5299
180,210,30,38,21,0.6378,0.2727,-0.3455,0.4680
180,210,36,44,21,0.6825,0.3126,-0.5624,0.4785
180,210,42,50,21,0.6733,3.5250,-7.2298,3.6968
195,225,6,14,21,0.5007,3.5139,-7.5440,3.8143
195,225,12,20,21,0.5358,0.2686,-0.5809,0.5396
195,225,18,26,21,0.6684,0.2826,-0.3656,0.4576
195,225,24,32,21,0.8135,0.2274,-0.1852,0.3171
195,225,30,38,21,0.9161,0.2309,-0.2487,0.2689
195,225,36,44,21,1.0994,0.4022,-0.9466,0.4434
195,225,42,50,20,1.2989,0.3270,-0.8686,0.4406
210,240,6,14,20,0.5136,0.3594,-1.1868,0.6488
210,240,12,20,20,0.5940,0.2398,-0.6167,0.4660
210,240,18,26,21,1.1279,0.2245,-0.4789,0.2768
210,240,24,32,21,1.2527,0.1605,-0.1207,0.2584
210,240,30,38,21,1.2882,0.1418,-0.0461,0.2518
210,240,36,44,21,1.3000,0.2103,-0.5276,0.3242
210,240,42,50,20,1.3619,0.2437,-0.5314,0.3779
225,255,6,14,21,0.5164,0.3633,-1.2107,0.6502
225,255,12,20,21,0.7125,0.3136,-1.0238,0.4609
225,255,18,26,21,1.3500,0.2315,-0.6783,0.3619
225,255,24,32,21,1.7447,0.1654,-0.3399,0.4072
225,255,30,38,21,1.1621,0.1263,+0.0407,0.1916
225,255,36,44,21,0.8770,0.1265,-0.1677,0.1835
225,255,42,50,21,0.8881,0.1643,-0.2243,0.2158
240,270,6,14,21,0.8814,0.3807,-1.1658,0.4355
240,270,12,20,21,1.0447,0.3387,-1.0313,0.3577
240,270,18,26,21,1.1830,0.2677,-0.7491,0.3407
240,270,24,32,21,1.0131,0.2206,-0.3259,0.2263
240,270,30,38,21,0.9373,0.1195,+0.2226,0.1476
240,270,36,44,21,0.8328,0.0905,+0.1223,0.1699
240,270,42,50,21,0.7909,0.1124,-0.1137,0.2143
255,285,6,14,21,1.7151,0.3530,-1.1194,0.5873
255,285,12,20,21,1.6067,0.2700,-0.7548,0.4759
255,285,18,26,21,0.8659,0.2096,-0.3049,0.2722
255,285,24,32,21,0.7839,0.1545,+0.0912,0.2602
255,285,30,38,21,0.8751,0.1065,+0.0661,0.1645
255,285,36,44,21,0.8032,0.1266,-0.1903,0.2218
255,285,42,50,21,0.8794,0.2540,-0.7594,0.3098
270,300,6,14,21,1.9958,0.3000,-0.9209,0.6001
270,300,12,20,21,1.2667,0.2134,-0.3625,0.3161
270,300,18,26,21,0.7841,0.1478,+0.3711,0.2534
270,300,24,32,21,0.6923,0.1317,+0.3377,0.2914
270,300,30,38,21,0.7196,0.1620,-0.1561,0.3049
270,300,36,44,21,0.7338,0.2298,-0.5707,0.3642
270,300,42,50,20,0.8659,0.3373,-1.0957,0.3998
285,315,6,14,21,1.5542,0.2635,-0.5535,0.4550
285,315,12,20,21,0.8628,0.1779,+0.0776,0.2419
285,315,18,26,21,0.5750,0.1760,+0.4414,0.4163
285,315,24,32,21,0.5228,0.1759,+0.0567,0.4576
285,315,30,38,21,0.5244,0.2472,-0.4091,0.5275
285,315,36,44,21,0.5022,0.3265,-0.7015,0.6257
285,315,42,50,21,0.6442,0.4672,-1.2025,0.6582
300,330,6,14,21,0.6001,0.2981,-0.2832,0.5199
300,330,12,20,21,0.5618,0.2331,+0.1838,0.4836
300,330,18,26,21,0.4224,0.2315,-0.0191,0.6057
300,330,24,32,21,0.3732,0.2614,-0.4394,0.6895
300,330,30,38,21,0.3756,0.3472,-0.8197,0.7725
300,330,36,44,21,0.2963,0.4225,-1.1003,0.9507
300,330,42,50,21,0.4093,0.5460,-1.6378,0.9339
315,345,6,14,21,0.2967,0.2724,-0.2984,0.8001
315,345,12,20,21,0.2642,0.2619,-0.3024,0.8400
315,345,18,26,21,0.2356,0.3349,-0.7866,0.9627
315,345,24,32,21,0.2328,0.3834,-0.9931,1.0164
315,345,30,38,21,0.2144,0.4136,-1.1007,1.0824
315,345,36,44,21,0.2602,0.4381,-1.3008,1.0228
315,345,42,50,21,0.3635,0.5553,-1.7742,0.9947
330,360,6,14,21,0.2106,0.3664,-0.9204,1.0429
330,360,12,20,21,0.2013,0.3873,-1.0079,1.0836
330,360,18,26,21,0.1926,0.4247,-1.1515,1.1401
330,360,24,32,21,0.1571,0.4488,-1.2874,1.2526
330,360,30,38,20,0.1972,0.4294,-1.2868,1.1345
330,360,36,44,21,0.2531,0.4446,-1.3971,1.0413
330,360,42,50,21,0.2029,0.4984,-1.5508,1.1910
345,375,6,14,21,0.2044,0.4493,-1.0508,1.1388
345,375,12,20,21,0.2178,0.4748,-1.2149,1.1368
345,375,18,26,21,0.1507,0.4904,-1.1450,1.3122
345,375,24,32,21,0.1447,0.4071,-0.9356,1.2466
345,375,30,38,21,0.1832,0.4098,-1.3229,1.1468
345,375,36,44,21,0.2388,0.4027,-1.1370,1.0246
345,375,42,50,21,0.2065,0.4452,-1.2232,1.1303
360,390,6,14,21,0.2591,0.6214,-1.5220,1.2080
360,390,12,20,21,0.1640,0.5532,-1.3519,1.3383
360,390,18,26,21,0.1147,0.4770,-0.9800,1.4174
360,390,24,32,21,0.1309,0.4641,-0.6706,1.3471
360,390,30,38,21,0.2050,0.3827,-1.2077,1.0710
360,390,36,44,21,0.1916,0.3596,-0.9332,1.0772
360,390,42,50,21,0.1649,0.4162,-1.0382,1.1990
375,405,6,14,21,0.1355,0.6097,-1.5954,1.4778
375,405,12,20,21,0.1102,0.5501,-1.3359,1.5080
375,405,18,26,21,0.1214,0.5035,-0.9838,1.4194
375,405,24,32,21,0.1857,0.4318,-1.0935,1.1629
375,405,30,38,21,0.2248,0.3838,-1.1259,1.0320
375,405,36,44,20,0.1873,0.3431,-1.0052,1.0706
375,405,42,50,21,0.1721,0.3959,-0.8682,1.1601
390,420,6,14,21,0.1079,0.5878,-1.5931,1.5546
390,420,12,20,21,0.1112,0.5305,-1.4016,1.4843
390,420,18,26,21,0.1038,0.4995,-1.3347,1.4834
390,420,24,32,20,0.1862,0.4220,-1.3365,1.1519
390,420,30,38,21,0.2658,0.3501,-0.8096,0.9256
390,420,36,44,21,0.2175,0.3331,-0.7697,0.9956
390,420,42,50,21,0.1875,0.3809,-0.8098,1.1080
