y0,y1,x0,x1,Si_VII_275.368,Fe_IX_188.497,Fe_IX_197.862,Fe_X_184.536,Fe_XI_180.401,Fe_XI_188.216,S_X_264.233,Si_X_258.375,Fe_XII_192.394,Fe_XII_195.119,Fe_XIII_202.044,Fe_XIII_203.826,Fe_XIV_264.787,Fe_XIV_270.519,Fe_XV_284.160,S_XIII_256.686,Fe_XVI_262.984,Ar_XIV_194.396,Ca_XIV_193.874,Ca_XV_200.972,Ca_XVI_208.604,Ca_XVII_192.858
120,140,4,10,0.1169,0.2386,0.3261,0.3539,0.5436,0.5016,0.4974,0.3077,0.5505,0.6057,0.7713,0.2817,0.2021,0.2457,0.1742,0.1097,0.0486,0.0226,0.0064,0.0291,0.0000,1.6432
120,140,12,18,0.1543,0.4910,0.6120,0.6452,0.8687,0.8372,0.6152,0.4118,0.8048,0.8566,0.8975,0.3721,0.2220,0.2631,0.1764,0.0920,0.0417,0.0182,0.0024,0.0345,0.0000,2.8669
120,140,20,26,0.1824,0.4417,0.4919,0.5570,0.8128,0.7648,0.6501,0.4314,0.7798,0.8221,0.8825,0.3953,0.2740,0.3212,0.2153,0.1386,0.0603,0.0200,0.0031,0.0426,0.0000,2.7369
120,140,28,34,0.1993,0.4145,0.5031,0.5114,0.6960,0.6621,0.6238,0.3928,0.6130,0.6647,0.7279,0.2472,0.2628,0.3150,0.2228,0.1355,0.0622,0.0133,0.0017,0.0430,0.0477,2.2483
120,140,36,42,0.2566,0.3931,0.4964,0.5126,0.6951,0.6479,0.5905,0.4097,0.5674,0.6234,0.6772,0.2166,0.2186,0.2580,0.1898,0.1219,0.0570,0.0176,0.0024,0.0361,0.0000,2.2213
120,140,44,50,0.3176,0.3124,0.3940,0.4243,0.6067,0.5583,0.5288,0.3913,0.5207,0.5701,0.6323,0.2025,0.1830,0.2121,0.1450,0.0838,0.0402,0.0126,0.0033,0.0372,0.0000,1.8651
140,160,4,10,0.1376,0.2102,0.2739,0.3130,0.4647,0.4239,0.7151,0.4863,0.4548,0.5179,0.7006,0.2251,0.2931,0.3510,0.2412,0.1379,0.0704,0.0179,0.0092,0.0268,0.0000,1.3999
140,160,12,18,0.1694,0.2434,0.3224,0.3848,0.5462,0.5116,0.6961,0.4485,0.5192,0.5809,0.7371,0.2476,0.2761,0.3277,0.2576,0.1805,0.0875,0.0149,0.0079,0.0359,0.0000,1.6918
140,160,20,26,0.2412,0.2501,0.3511,0.3763,0.5551,0.5226,0.6554,0.4249,0.5577,0.6133,0.7685,0.2912,0.2519,0.3004,0.2533,0.1931,0.0936,0.0189,0.0148,0.0345,0.0502,1.7577
140,160,28,34,0.1729,0.2483,0.3563,0.3927,0.5650,0.5152,0.6914,0.4348,0.5428,0.5986,0.7552,0.2833,0.2627,0.3097,0.2544,0.2069,0.0973,0.0230,0.0155,0.0481,0.0046,1.7172
140,160,36,42,0.1527,0.3184,0.4295,0.4210,0.5814,0.5406,0.6012,0.3854,0.5274,0.5848,0.6894,0.2358,0.2276,0.2677,0.2281,0.1638,0.0808,0.0217,0.0170,0.0369,0.0000,1.8318
140,160,44,50,0.2085,0.4261,0.5523,0.4976,0.6252,0.5693,0.5963,0.4099,0.5093,0.5745,0.6475,0.2099,0.2445,0.2890,0.2418,0.1771,0.0894,0.0187,0.0088,0.0430,0.0000,1.8820
160,180,4,10,0.5459,0.3192,0.4106,0.4561,0.6833,0.6650,1.1219,0.9405,0.7306,0.7701,0.9468,0.3923,0.4932,0.5518,0.3655,0.2205,0.1291,0.0272,0.0250,0.0644,0.1623,2.1989
160,180,12,18,0.1763,0.2689,0.3853,0.4236,0.6261,0.5852,0.6451,0.4639,0.6131,0.6478,0.8218,0.3109,0.3197,0.3637,0.3331,0.2723,0.1416,0.0282,0.0384,0.0660,0.1454,1.9735
160,180,20,26,0.1277,0.3342,0.4560,0.4437,0.6031,0.5519,0.4481,0.3393,0.5313,0.5625,0.7115,0.2434,0.2451,0.2804,0.2980,0.2606,0.1392,0.0557,0.0368,0.0590,0.0000,1.9729
160,180,28,34,0.1724,0.2963,0.3953,0.4424,0.6012,0.5528,0.4935,0.3673,0.5427,0.5648,0.6972,0.2521,0.2643,0.3065,0.3465,0.2599,0.1649,0.0285,0.0424,0.0666,0.1228,1.8916
160,180,36,42,0.1948,0.2580,0.3552,0.4007,0.5823,0.5341,0.5647,0.4335,0.5243,0.5532,0.6805,0.2360,0.3501,0.4053,0.4331,0.3391,0.2095,0.0454,0.0415,0.0633,0.0540,1.7658
160,180,44,50,0.2181,0.3132,0.4316,0.4508,0.6166,0.5763,0.7176,0.5668,0.5619,0.5913,0.7254,0.2751,0.4144,0.4785,0.4311,0.3370,0.1847,0.0305,0.0414,0.0706,0.1099,1.9033
180,200,4,10,0.4011,0.8190,0.9742,0.9781,1.1408,1.1518,1.0101,0.8870,1.1279,1.1380,1.1833,0.6790,0.4611,0.5057,0.3692,0.2701,0.1638,0.0435,0.0263,0.0762,0.1481,3.9306
180,200,12,18,0.2352,0.2829,0.4035,0.4540,0.6220,0.5975,0.5750,0.5292,0.5825,0.6327,0.7656,0.3018,0.3406,0.3942,0.3754,0.2659,0.1974,0.0469,0.0706,0.0994,0.3235,1.9332
180,200,20,26,0.1771,0.2526,0.3661,0.3996,0.5116,0.4737,0.5232,0.5057,0.4373,0.4856,0.5948,0.2113,0.4664,0.5473,0.5819,0.4203,0.3768,0.0531,0.0927,0.0970,0.3562,1.5018
180,200,28,34,0.2659,0.2925,0.4114,0.4318,0.5546,0.5197,0.7409,0.6812,0.4861,0.5349,0.6646,0.2697,0.7036,0.8133,0.8006,0.6230,0.5606,0.0672,0.1299,0.1167,1.1119,1.7297
180,200,36,42,0.2937,0.3356,0.4445,0.4827,0.6084,0.5822,0.8686,0.8460,0.5861,0.6217,0.7842,0.3686,0.8466,0.9722,0.8486,0.5964,0.5336,0.0651,0.1345,0.1099,0.2734,1.8852
180,200,44,50,0.3231,0.4178,0.5740,0.5875,0.7291,0.7303,1.0537,1.0962,0.7456,0.7746,0.9214,0.4901,0.9402,1.0576,0.7969,0.4895,0.4064,0.0587,0.0941,0.1145,0.0000,2.3708
200,220,4,10,0.3109,0.6802,0.8017,0.8468,1.0601,1.0270,0.6712,0.6546,0.9671,1.0035,1.0266,0.5019,0.3617,0.4152,0.3230,0.1708,0.1255,0.0576,0.0649,0.0455,0.0000,3.5345
200,220,12,18,0.3066,0.3932,0.5045,0.5504,0.7316,0.7062,0.6208,0.6719,0.7078,0.7462,0.8747,0.4034,0.4753,0.5427,0.5118,0.2832,0.2815,0.0737,0.1282,0.1166,0.0000,2.4337
200,220,20,26,0.5566,0.3194,0.4198,0.4802,0.6547,0.6444,1.5123,1.6235,0.7213,0.7462,0.9584,0.5412,1.6043,1.6448,1.2998,1.2730,1.1476,0.1737,0.3440,0.2933,0.0605,2.2119
200,220,28,34,0.6125,0.4471,0.5665,0.6084,0.8105,0.8085,1.2157,1.4605,0.9544,0.9557,1.1798,0.8223,1.5986,1.6264,1.3357,1.3644,1.3813,0.2317,0.4541,0.3934,0.6289,2.9119
200,220,36,42,0.7047,0.5214,0.7209,0.7230,1.0030,1.0249,1.7528,1.9985,1.2167,1.2024,1.3909,1.0773,1.8065,1.8450,1.2486,1.0740,1.0385,0.2563,0.3402,0.2680,0.0000,3.5702
200,220,44,50,0.9776,0.7169,0.9792,0.9764,1.2932,1.3699,1.9382,2.4912,1.5662,1.5206,1.6057,1.3563,1.8471,1.8701,1.1036,0.7653,0.7541,0.2259,0.1944,0.1551,0.0000,4.8068
220,240,4,10,0.3257,0.6323,0.7982,0.7616,0.9406,0.8945,0.3860,0.4416,0.8485,0.9130,1.0300,0.4205,0.2657,0.3231,0.2932,0.1122,0.1131,0.0363,0.0438,0.0848,0.0000,2.9495
220,240,12,18,0.6061,0.4299,0.5386,0.5797,0.7852,0.7460,0.5111,0.6797,0.7987,0.8426,0.9812,0.5458,0.5059,0.5841,0.4894,0.2341,0.2483,0.0888,0.1981,0.2103,0.1260,2.6884
220,240,20,26,1.0808,1.1169,1.1238,1.2663,1.4987,1.5713,1.3665,2.2460,1.7581,1.7680,1.6587,1.9450,1.6169,1.6420,1.1684,0.7482,0.8193,0.5192,0.8040,0.7914,0.2986,5.7470
220,240,28,34,0.8623,0.9039,0.9849,1.0722,1.2334,1.3035,1.6694,2.2180,1.4932,1.4838,1.4911,1.6734,2.1018,2.0378,1.4731,1.2314,1.3204,0.6696,1.0450,1.0381,1.5786,5.6140
220,240,36,42,0.9806,1.2691,1.2451,1.4359,1.6860,1.7504,1.1487,1.2180,1.9117,1.8554,1.6906,2.0166,1.1959,1.2021,1.0487,1.0338,1.0180,0.4621,0.7014,0.7441,0.6163,6.6083
220,240,44,50,0.4810,1.6004,1.6244,1.8123,2.0734,2.1372,1.1299,1.2078,2.2187,2.1412,1.8033,2.1334,1.2965,1.2679,0.9786,0.9825,0.9226,0.3866,0.4464,0.5199,0.2385,7.4487
240,260,4,10,1.3969,0.4963,0.6327,0.5431,0.7062,0.6540,0.6530,0.9534,0.6403,0.7193,0.8127,0.3157,0.4793,0.5520,0.4841,0.1708,0.1922,0.0517,0.0723,0.1730,0.1269,2.1901
240,260,12,18,1.1360,0.7118,0.8931,0.7858,0.9386,0.9286,1.2129,1.6197,0.9361,1.0096,1.0839,0.6235,1.0094,1.1485,0.8600,0.3422,0.3433,0.0944,0.1375,0.2784,0.0000,3.2029
240,260,20,26,0.7244,1.6930,1.7737,1.8396,1.9971,2.0792,1.3318,1.7144,2.0829,2.1072,1.8075,1.9164,1.3105,1.3699,1.0872,0.5940,0.6575,0.4234,0.4324,0.5955,0.3235,7.1647
240,260,28,34,0.2771,1.4733,1.3885,1.6356,1.7572,1.8401,0.7447,0.7618,1.9531,1.9039,1.6644,2.1418,0.8273,0.8567,0.8880,0.7310,0.7446,0.9215,1.0439,1.0523,1.0188,6.7420
240,260,36,42,0.3503,1.0166,1.0291,1.0693,1.0890,1.0751,0.6550,0.6566,1.0844,1.0767,1.0504,1.0545,0.5992,0.6386,0.7112,0.6009,0.5633,0.9506,0.9666,0.9922,1.4519,6.9733
240,260,44,50,0.3787,0.8047,0.8043,0.9375,1.0728,1.0593,0.8865,0.8309,1.1318,1.1084,1.0352,1.1834,0.7152,0.7448,0.6558,0.4972,0.3689,0.7688,0.7703,0.7072,0.7419,4.3390
260,280,4,10,2.2365,1.6288,2.0196,1.5453,1.6423,1.6766,1.4474,2.1630,1.5494,1.5739,1.5040,0.9861,1.2709,1.3717,0.9737,0.5027,0.4917,0.0816,0.0881,0.3392,0.4452,6.4770
260,280,12,18,0.8464,1.7901,2.0936,1.9865,2.1659,2.2858,1.8338,2.3240,2.2933,2.2821,2.0359,1.8817,1.7293,1.7415,1.2937,1.0727,0.8495,0.2110,0.2205,0.5857,0.4140,8.5439
260,280,20,26,0.2232,1.2257,1.2083,1.4018,1.6407,1.6197,0.5824,0.5357,1.6628,1.6447,1.4488,1.4264,0.6019,0.6359,0.8086,0.8170,0.7443,0.4314,0.5839,0.6111,0.5606,5.8771
260,280,28,34,0.3660,0.4774,0.5482,0.6095,0.7567,0.7537,0.9628,1.1090,0.8307,0.8518,0.8768,0.7769,1.0077,1.0510,0.9791,0.8951,0.7871,0.5849,0.6985,0.6456,0.6089,3.0218
260,280,36,42,0.4142,0.6397,0.6922,0.7274,0.8374,0.8772,1.1120,1.2968,0.9297,0.9488,0.8915,0.8699,1.0161,1.0559,0.8490,0.7280,0.5483,0.5273,0.5728,0.5098,0.4493,3.5434
260,280,44,50,0.7890,0.7714,0.8763,0.8609,0.9988,1.0599,1.5286,1.8058,1.1397,1.1415,1.0422,1.0867,1.1168,1.1776,0.7419,0.5104,0.3568,0.3167,0.2963,0.2817,0.0000,4.1202
280,300,4,10,1.2493,2.4914,2.8598,2.3780,2.3830,2.3741,2.0712,2.7079,2.2352,2.2256,1.9665,1.6891,1.9186,2.0641,1.1273,0.7339,0.7445,0.2025,0.2164,0.5280,0.5391,8.8715
280,300,12,18,0.3877,1.3621,1.3617,1.5518,1.7628,1.7609,1.2004,1.2836,1.8599,1.8379,1.5776,1.8072,1.3733,1.4698,1.1555,1.2873,1.2337,0.4782,0.7053,0.6961,0.5063,6.6592
280,300,20,26,0.1999,0.3509,0.4497,0.4922,0.6278,0.6041,0.6902,0.6484,0.6589,0.6794,0.8040,0.5201,0.6718,0.7601,0.7108,0.7699,0.7363,0.5241,0.8553,0.8873,1.8204,3.4999
280,300,28,34,0.2426,0.6674,0.7173,0.8265,1.0299,1.0195,0.6780,0.6522,1.1513,1.1350,1.1635,1.0521,0.4914,0.5708,0.4810,0.4371,0.3334,0.4229,0.6713,0.6040,1.3377,4.1332
280,300,36,42,0.3846,0.6615,0.7805,0.8748,1.1244,1.0848,0.6712,0.6288,1.1935,1.1812,1.2358,0.9595,0.3967,0.4685,0.3629,0.2624,0.1805,0.2271,0.3365,0.2956,0.7783,3.8585
280,300,44,50,0.7210,1.1465,1.2988,1.3527,1.6052,1.6059,0.5665,0.7024,1.6660,1.6354,1.5592,1.2150,0.2836,0.3387,0.2057,0.0797,0.0679,0.1279,0.1250,0.2833,0.8727,6.1463
300,320,4,10,0.1953,1.9178,2.0960,2.1835,2.3713,2.4339,0.9068,0.7957,2.6848,2.4511,2.4040,2.2688,0.7986,0.8928,0.6346,0.5944,0.4531,0.3006,0.3679,0.4517,0.5402,9.2568
300,320,12,18,0.1331,0.6531,0.7618,0.8832,1.0720,1.0687,0.4649,0.4017,1.2544,1.1929,1.4096,1.1102,0.4152,0.4775,0.4338,0.4419,0.3293,0.5235,0.9104,0.7824,1.0826,4.0382
300,320,20,26,0.1710,0.3082,0.4386,0.4963,0.6924,0.6527,0.4700,0.4272,0.7605,0.7542,0.9917,0.5134,0.3102,0.3710,0.3146,0.2185,0.1500,0.1970,0.5136,0.4557,0.8371,2.6034
300,320,28,34,0.2766,0.3225,0.4420,0.5100,0.7002,0.6559,0.4508,0.4181,0.7200,0.7347,0.9389,0.3931,0.2432,0.2901,0.2234,0.1154,0.0869,0.1374,0.1696,0.1615,0.4355,2.4779
300,320,36,42,0.2473,0.4877,0.6680,0.6329,0.8100,0.7478,0.3720,0.3825,0.7467,0.7885,0.9405,0.3364,0.1758,0.2153,0.1657,0.0567,0.0538,0.0491,0.0654,0.1428,0.3200,2.9715
300,320,44,50,0.7954,0.7719,1.0361,0.8196,0.9928,0.9268,0.4319,0.5292,0.8178,0.8947,0.9287,0.2633,0.1950,0.2235,0.1552,0.0506,0.0493,0.0213,0.0122,0.1875,0.3041,3.8300
320,340,4,10,0.1217,0.3259,0.4269,0.5094,0.7406,0.6949,0.4252,0.2848,0.8112,0.8152,1.0966,0.5258,0.2393,0.2892,0.2546,0.2145,0.1212,0.1519,0.1948,0.1546,0.2562,2.3223
320,340,12,18,0.0834,0.2181,0.3065,0.3632,0.5203,0.4983,0.3812,0.2720,0.5613,0.5942,0.8178,0.3073,0.2277,0.2691,0.2112,0.1470,0.0771,0.1202,0.1420,0.1172,0.1609,1.6693
320,340,20,26,0.2033,0.2269,0.3270,0.3705,0.5420,0.5101,0.3998,0.3159,0.5472,0.5823,0.7897,0.2678,0.1913,0.2260,0.1641,0.0781,0.0522,0.0595,0.0680,0.0781,0.2721,1.7782
320,340,28,34,0.1755,0.3413,0.4555,0.4436,0.5788,0.5393,0.3337,0.2898,0.5299,0.5819,0.7355,0.2060,0.1622,0.1810,0.1449,0.0609,0.0467,0.0391,0.0304,0.0780,0.0000,2.0388
320,340,36,42,0.2024,0.2870,0.4154,0.4208,0.5705,0.5234,0.4333,0.3566,0.4932,0.5610,0.6828,0.1788,0.1982,0.2178,0.1573,0.0837,0.0564,0.0257,0.0244,0.0809,0.1601,1.9623
320,340,44,50,0.3339,0.9172,1.2216,0.8637,0.8290,0.7615,0.3957,0.3719,0.6126,0.6815,0.7364,0.2018,0.1626,0.1785,0.1395,0.0583,0.0541,0.0300,0.0066,0.0949,0.2255,2.9245
340,360,4,10,0.1316,0.1865,0.2703,0.2803,0.3887,0.3635,0.4369,0.2656,0.4165,0.4498,0.6674,0.1912,0.1692,0.2061,0.1532,0.0842,0.0451,0.0330,0.0411,0.0439,0.0363,1.3045
340,360,12,18,0.1685,0.1202,0.2042,0.2263,0.3541,0.3321,0.4319,0.2716,0.3923,0.4302,0.6388,0.1745,0.1661,0.2016,0.1405,0.0618,0.0341,0.0231,0.0213,0.0391,0.0761,1.0866
340,360,20,26,0.1116,0.2530,0.3553,0.3343,0.4232,0.4016,0.2742,0.1907,0.4237,0.4719,0.6386,0.1621,0.1291,0.1409,0.1239,0.0455,0.0349,0.0235,0.0111,0.0332,0.1131,1.3803
340,360,28,34,0.0857,0.1687,0.2432,0.2769,0.3826,0.3468,0.2755,0.1831,0.3561,0.4075,0.5513,0.1216,0.1211,0.1455,0.1264,0.0722,0.0456,0.0195,0.0120,0.0439,0.0939,1.3238
340,360,36,42,0.2622,0.3205,0.4943,0.4207,0.4979,0.4621,0.4103,0.2910,0.4270,0.4820,0.5834,0.1713,0.1568,0.1796,0.1531,0.1200,0.0724,0.0244,0.0113,0.0516,0.1083,1.7200
340,360,44,50,0.1573,0.5585,0.7497,0.5872,0.5844,0.5236,0.3496,0.2318,0.4249,0.4779,0.5600,0.1193,0.1221,0.1512,0.1236,0.0518,0.0462,0.0259,0.0128,0.0510,0.1163,1.8433
360,380,4,10,0.2332,0.2402,0.3336,0.3238,0.4251,0.4094,0.4932,0.3640,0.4276,0.4719,0.6518,0.1532,0.1599,0.1984,0.1218,0.0539,0.0274,0.0381,0.0079,0.0242,0.5232,1.4130
360,380,12,18,0.1542,0.3133,0.4181,0.3462,0.4471,0.4227,0.3002,0.2088,0.4407,0.4788,0.6583,0.1454,0.1038,0.1330,0.1032,0.0500,0.0294,0.0384,0.0042,0.0251,0.1392,1.4594
360,380,20,26,0.1068,0.1339,0.1822,0.1960,0.2933,0.2554,0.1941,0.1226,0.2812,0.3233,0.4857,0.0849,0.0782,0.1007,0.0884,0.0482,0.0247,0.0358,0.0084,0.0246,0.5722,0.8076
360,380,28,34,0.2046,0.1351,0.1990,0.2184,0.3096,0.2736,0.3283,0.2305,0.2720,0.3157,0.4346,0.0857,0.1295,0.1572,0.1308,0.1197,0.0534,0.0393,0.0136,0.0291,0.0969,0.9267
360,380,36,42,0.1934,0.5002,0.6634,0.5131,0.5247,0.4539,0.3279,0.2131,0.3521,0.3962,0.4590,0.1221,0.1407,0.1705,0.1684,0.1634,0.0916,0.0476,0.0286,0.0580,0.5226,1.5117
360,380,44,50,0.1277,0.3593,0.4599,0.4009,0.4412,0.3844,0.2970,0.1807,0.3218,0.3645,0.4691,0.1058,0.1285,0.1596,0.1321,0.0891,0.0476,0.0439,0.0113,0.0291,0.3385,1.2690
380,400,4,10,0.0804,0.3155,0.4302,0.4427,0.5338,0.5032,0.3301,0.1712,0.4692,0.5004,0.6264,0.1526,0.0926,0.1206,0.0880,0.0510,0.0228,0.0117,0.0010,0.0274,0.1674,1.7910
380,400,12,18,0.0604,0.1671,0.2445,0.2652,0.3072,0.2804,0.2560,0.1165,0.2551,0.2882,0.3883,0.0767,0.0718,0.0942,0.0754,0.0507,0.0166,0.0107,0.0019,0.0156,0.2721,0.9624
380,400,20,26,0.0667,0.1217,0.1611,0.1717,0.2078,0.1880,0.2528,0.1285,0.1813,0.2131,0.3211,0.0557,0.0705,0.0901,0.0741,0.0660,0.0161,0.0138,0.0029,0.0131,0.2501,0.5918
380,400,28,34,0.1474,0.2832,0.3971,0.3386,0.3845,0.3529,0.4634,0.2559,0.3084,0.3480,0.4117,0.1428,0.1831,0.2166,0.1643,0.1806,0.0676,0.0298,0.0146,0.0437,0.1694,1.2673
380,400,36,42,0.0798,0.3124,0.4470,0.3789,0.3676,0.3267,0.3553,0.1878,0.2612,0.2984,0.3807,0.1151,0.1651,0.2020,0.1911,0.1841,0.0913,0.0314,0.0393,0.0521,0.1654,1.0436
380,400,44,50,0.0487,0.2282,0.2979,0.2863,0.3148,0.2777,0.3375,0.1607,0.2520,0.2886,0.4040,0.1153,0.1384,0.1733,0.1440,0.1355,0.0559,0.0171,0.0163,0.0419,0.2579,0.9049
400,420,4,10,0.0613,0.1874,0.2129,0.1881,0.2463,0.2429,0.2358,0.1313,0.2342,0.2721,0.3835,0.0742,0.0673,0.0825,0.0632,0.0277,0.0198,0.0194,0.0016,0.0081,0.0000,0.8775
400,420,12,18,0.0842,0.1456,0.1746,0.1637,0.1996,0.1861,0.2112,0.1251,0.1694,0.2038,0.2884,0.0507,0.0606,0.0717,0.0605,0.0375,0.0242,0.0231,0.0004,0.0000,0.0000,0.6824
400,420,20,26,0.0849,0.1508,0.1862,0.1861,0.2449,0.2205,0.2860,0.1525,0.1971,0.2368,0.3059,0.0648,0.0801,0.0941,0.0751,0.0437,0.0265,0.0225,0.0016,0.0111,0.0000,0.7805
400,420,28,34,0.0831,0.3118,0.3933,0.3239,0.3433,0.3297,0.4813,0.2694,0.3044,0.3391,0.4186,0.1991,0.2337,0.2712,0.1941,0.1821,0.0862,0.0435,0.0216,0.0247,0.1413,1.1788
400,420,36,42,0.0862,0.2417,0.2844,0.2727,0.2992,0.2775,0.4711,0.2335,0.2561,0.2910,0.4108,0.1507,0.2735,0.3290,0.2557,0.2259,0.1232,0.0372,0.0380,0.0322,0.2061,0.9229
400,420,44,50,0.0723,0.1694,0.1811,0.2035,0.2514,0.2342,0.3954,0.2049,0.2420,0.2788,0.4067,0.1289,0.1600,0.1941,0.1517,0.1145,0.0689,0.0297,0.0259,0.0134,0.1815,0.8212
120,150,4,12,0.1145,0.2361,0.3083,0.3449,0.5332,0.4905,0.5247,0.3490,0.5238,0.5890,0.7486,0.2599,0.2227,0.2739,0.1915,0.1156,0.0526,0.0180,0.0065,0.0255,0.0000,1.6214
120,150,12,20,0.1612,0.4481,0.5482,0.5898,0.7890,0.7537,0.6300,0.4213,0.7189,0.7805,0.8516,0.3402,0.2342,0.2802,0.1950,0.1131,0.0511,0.0177,0.0026,0.0398,0.0000,2.5687
120,150,20,28,0.1973,0.3548,0.4246,0.4785,0.7064,0.6595,0.6706,0.4505,0.6733,0.7289,0.8291,0.3463,0.2748,0.3260,0.2281,0.1602,0.0681,0.0119,0.0057,0.0376,0.0000,2.2590
120,150,28,36,0.1979,0.3643,0.4548,0.4764,0.6714,0.6258,0.6516,0.4209,0.5990,0.6551,0.7435,0.2616,0.2648,0.3159,0.2299,0.1523,0.0698,0.0165,0.0048,0.0361,0.0000,2.1106
120,150,36,44,0.2379,0.3515,0.4576,0.4631,0.6453,0.5955,0.5687,0.4026,0.5440,0.6027,0.6776,0.2196,0.2183,0.2580,0.1935,0.1291,0.0590,0.0157,0.0049,0.0326,0.0000,2.0177
140,170,4,12,0.1859,0.2359,0.3005,0.3430,0.5155,0.4789,0.8206,0.5745,0.5122,0.5700,0.7611,0.2583,0.3304,0.3873,0.2751,0.1706,0.0892,0.0188,0.0143,0.0338,0.0000,1.5702
140,170,12,20,0.1915,0.2545,0.3449,0.3955,0.5705,0.5317,0.7094,0.4614,0.5438,0.5927,0.7558,0.2623,0.2905,0.3380,0.2794,0.2120,0.1015,0.0182,0.0169,0.0280,0.0000,1.7626
140,170,20,28,0.1827,0.2799,0.4133,0.4080,0.5854,0.5423,0.6204,0.4001,0.5651,0.6053,0.7666,0.2885,0.2570,0.3023,0.2695,0.2256,0.1071,0.0243,0.0214,0.0428,0.0000,1.8602
140,170,28,36,0.1640,0.2647,0.3715,0.4113,0.5810,0.5329,0.6135,0.3916,0.5539,0.5897,0.7476,0.2758,0.2464,0.2886,0.2616,0.2145,0.1036,0.0238,0.0197,0.0479,0.0000,1.8022
140,170,36,44,0.1880,0.2980,0.4033,0.4183,0.5903,0.5386,0.5929,0.3844,0.5291,0.5728,0.6921,0.2353,0.2481,0.2901,0.2710,0.2080,0.1071,0.0199,0.0215,0.0403,0.0000,1.8137
160,190,4,12,0.4706,0.3898,0.5068,0.5486,0.7558,0.7580,1.0842,0.9018,0.7921,0.8274,0.9766,0.4328,0.4798,0.5343,0.3734,0.2511,0.1454,0.0318,0.0263,0.0571,0.1265,2.5558
160,190,12,20,0.1933,0.2885,0.3932,0.4388,0.6213,0.5991,0.5960,0.4563,0.6125,0.6488,0.8065,0.3083,0.3025,0.3465,0.3357,0.2781,0.1573,0.0310,0.0426,0.0662,0.1259,2.0357
160,190,20,28,0.1481,0.2932,0.4144,0.4261,0.5635,0.5262,0.4478,0.3609,0.5068,0.5409,0.6801,0.2383,0.2786,0.3273,0.3608,0.2783,0.1899,0.0601,0.0456,0.0671,0.1729,1.8126
160,190,28,36,0.1967,0.2778,0.3830,0.4275,0.5702,0.5278,0.5576,0.4415,0.5053,0.5387,0.6656,0.2383,0.3626,0.4261,0.4609,0.3375,0.2518,0.0367,0.0512,0.0832,0.2303,1.7940
160,190,36,44,0.2180,0.3010,0.4017,0.4349,0.5780,0.5442,0.6204,0.5055,0.5301,0.5607,0.6886,0.2604,0.4442,0.5183,0.5281,0.3845,0.2759,0.0347,0.0568,0.0844,0.0728,1.8048
180,210,4,12,0.3570,0.7286,0.8804,0.8853,1.0557,1.0621,0.8941,0.7979,1.0338,1.0521,1.0941,0.5979,0.4284,0.4748,0.3691,0.2488,0.1655,0.0480,0.0445,0.0832,0.0633,3.6045
180,210,12,20,0.2351,0.3078,0.4248,0.4683,0.6134,0.5914,0.6063,0.5925,0.5758,0.6214,0.7496,0.2996,0.3980,0.4564,0.4445,0.2902,0.2455,0.0552,0.0900,0.0742,0.1967,1.9382
180,210,20,28,0.2473,0.2797,0.3984,0.4139,0.5347,0.5116,0.7945,0.7519,0.5099,0.5513,0.6978,0.2886,0.7689,0.8554,0.8300,0.7116,0.6370,0.0726,0.1455,0.1253,0.1753,1.6644
180,210,28,36,0.3369,0.3322,0.4419,0.4803,0.6226,0.6061,0.9250,0.8961,0.6241,0.6575,0.8241,0.4051,0.9743,1.0779,0.9844,0.8516,0.7824,0.1029,0.1964,0.1733,0.3533,2.0604
180,210,36,44,0.4548,0.3698,0.4922,0.5343,0.6928,0.6825,1.1821,1.2715,0.7312,0.7536,0.9300,0.4979,1.1795,1.2988,1.0029,0.7267,0.6681,0.0926,0.1827,0.1383,0.2342,2.2417
200,230,4,12,0.3265,0.6559,0.7823,0.8055,0.9952,0.9582,0.6089,0.6182,0.9055,0.9525,1.0080,0.4821,0.3571,0.4180,0.3325,0.1607,0.1304,0.0564,0.0707,0.0527,0.0000,3.2896
200,230,12,20,0.3523,0.4184,0.5104,0.5697,0.7699,0.7339,0.6511,0.7481,0.7560,0.7977,0.9241,0.4798,0.5798,0.6577,0.5911,0.3522,0.3434,0.0906,0.1733,0.1576,0.0000,2.5814
200,230,20,28,0.7624,0.4838,0.5854,0.6432,0.8438,0.8576,1.4792,1.8486,0.9923,1.0087,1.1677,0.9596,1.6690,1.6898,1.2979,1.1803,1.1470,0.2792,0.5340,0.4757,0.1456,3.1069
200,230,28,36,0.7788,0.5662,0.6694,0.7225,0.9374,0.9534,1.3847,1.7426,1.1370,1.1376,1.3098,1.1350,1.7107,1.7204,1.3291,1.2115,1.2430,0.3393,0.6323,0.5851,0.5232,3.6121
200,230,36,44,0.7683,0.8213,1.0102,1.0125,1.3048,1.3480,1.5913,1.8262,1.5376,1.5131,1.5628,1.4840,1.6609,1.6944,1.1868,1.0122,0.9936,0.2825,0.4309,0.3895,0.2195,4.8103
220,250,4,12,0.6611,0.5818,0.7014,0.6907,0.8660,0.8153,0.4091,0.5159,0.8001,0.8636,0.9831,0.4190,0.2963,0.3530,0.3239,0.1312,0.1366,0.0430,0.0599,0.1120,0.0847,2.6782
220,250,12,20,0.6806,0.5335,0.6728,0.6740,0.8692,0.8467,0.5819,0.8230,0.9110,0.9602,1.0816,0.6810,0.5979,0.6836,0.5731,0.2451,0.2679,0.1173,0.2216,0.2488,0.2295,2.9955
220,250,20,28,1.0730,1.3453,1.3594,1.4836,1.6557,1.7454,1.5061,2.3540,1.8619,1.8739,1.6851,1.9757,1.7362,1.7575,1.2287,0.7648,0.8457,0.4400,0.7750,0.7868,0.5748,6.4292
220,250,28,36,0.6264,1.2365,1.2574,1.3648,1.5105,1.5932,1.2876,1.5992,1.7464,1.7236,1.6079,1.9422,1.6011,1.5827,1.2745,1.0951,1.1654,0.6622,0.9587,0.9864,1.0318,6.4294
220,250,36,44,0.7078,1.2357,1.2670,1.4060,1.5956,1.6471,0.9250,0.9706,1.7605,1.7116,1.5671,1.7981,0.9824,0.9902,0.9136,0.8952,0.8795,0.5848,0.7392,0.7847,0.5949,6.7488
240,270,4,12,1.5727,0.7322,0.9454,0.7424,0.8823,0.8236,1.1005,1.5834,0.7691,0.8579,0.9148,0.4065,0.9179,1.0119,0.7265,0.3115,0.3350,0.0559,0.0777,0.2413,0.2052,2.8721
240,270,12,20,1.0193,0.9493,1.1943,1.0447,1.1975,1.2127,1.4469,1.9140,1.2084,1.2810,1.3040,0.8555,1.3324,1.4164,1.0338,0.5989,0.5584,0.1131,0.1605,0.3516,0.1682,4.2798
240,270,20,28,0.5144,1.8210,1.8143,1.9694,2.1204,2.2062,1.0608,1.2902,2.2124,2.2098,1.8462,2.0643,1.0855,1.1236,0.9808,0.6920,0.7069,0.3825,0.5117,0.6137,0.4533,7.5317
240,270,28,36,0.3407,1.0400,1.0300,1.1973,1.3350,1.3747,0.8435,0.9307,1.4686,1.4474,1.3329,1.5433,0.8930,0.9253,0.9125,0.7558,0.7176,0.8300,0.9497,0.9283,1.0683,5.1951
240,270,36,44,0.4163,0.7728,0.8077,0.8543,0.9186,0.8913,0.8599,0.9851,0.9197,0.9235,0.9253,0.8713,0.8029,0.8328,0.7834,0.6641,0.5582,0.7988,0.8210,0.8043,1.2092,5.2812
260,290,4,12,1.9187,1.9174,2.2507,1.8547,1.9746,2.0143,1.7824,2.6150,1.9174,1.9100,1.7459,1.3784,1.6236,1.7224,1.1153,0.6426,0.6229,0.1615,0.1718,0.4383,0.4188,7.6179
260,290,12,20,0.6360,1.6208,1.7702,1.7993,1.9889,2.0553,1.4814,1.7716,2.0917,2.0724,1.8101,1.8246,1.4891,1.5237,1.2201,1.1398,0.9711,0.3517,0.4240,0.6410,0.3483,7.6932
260,290,20,28,0.2081,0.8525,0.8613,1.0052,1.1990,1.1736,0.6309,0.5820,1.2230,1.2191,1.1435,1.0518,0.6599,0.7225,0.8170,0.8506,0.8029,0.4974,0.6757,0.6796,0.7202,4.7514
260,290,28,36,0.3498,0.6284,0.6633,0.7443,0.9086,0.9163,0.9217,1.0213,1.0111,1.0189,0.9870,0.9826,0.8934,0.9550,0.8389,0.7859,0.6594,0.5565,0.6884,0.6540,0.5790,3.6192
260,290,36,44,0.4048,0.6895,0.7542,0.8164,0.9817,0.9921,0.9693,1.0668,1.0662,1.0706,1.0188,0.9649,0.8203,0.8842,0.6972,0.5829,0.4257,0.4333,0.4936,0.4459,0.2653,3.8165
280,310,4,12,0.8624,2.4804,2.6649,2.5062,2.5493,2.5915,1.7797,2.1770,2.5663,2.4741,2.1659,2.1514,1.7330,1.8610,1.0722,0.8662,0.8077,0.2466,0.3264,0.6168,0.6744,9.8001
280,310,12,20,0.2665,1.0658,1.0537,1.2244,1.4190,1.4127,0.8780,0.9123,1.5391,1.5026,1.4439,1.4582,0.9827,1.0701,0.8913,0.9872,0.9237,0.4792,0.8394,0.7964,1.0770,5.5338
280,310,20,28,0.1878,0.3408,0.4548,0.5002,0.6711,0.6416,0.6153,0.5873,0.7345,0.7345,0.9080,0.5608,0.5416,0.6267,0.5689,0.5722,0.5142,0.4311,0.7916,0.7753,1.8962,3.2011
280,310,28,36,0.2582,0.5848,0.6723,0.7523,0.9537,0.9367,0.6196,0.5884,1.0573,1.0363,1.1175,0.8624,0.4052,0.4762,0.3932,0.3219,0.2387,0.3244,0.4919,0.4383,0.9692,3.6905
280,310,36,44,0.3363,0.5856,0.7497,0.7820,1.0240,0.9830,0.5603,0.5569,1.0767,1.0721,1.1829,0.7628,0.3186,0.3802,0.2865,0.1793,0.1283,0.1985,0.2322,0.2240,0.4471,3.6099
300,330,4,12,0.1527,1.3382,1.4791,1.6022,1.8193,1.8360,0.6866,0.5884,2.0649,1.9056,1.9819,1.7552,0.5883,0.6703,0.5069,0.4888,0.3569,0.3379,0.3984,0.3818,0.5155,6.8056
300,330,12,20,0.1142,0.4550,0.5754,0.6641,0.8419,0.8272,0.4434,0.3763,0.9559,0.9357,1.1595,0.7688,0.3539,0.4105,0.3577,0.3310,0.2324,0.3800,0.6466,0.5618,0.8399,3.1063
300,330,20,28,0.1684,0.2933,0.4154,0.4642,0.6577,0.6184,0.4261,0.3922,0.6996,0.7058,0.9289,0.4272,0.2706,0.3204,0.2614,0.1656,0.1157,0.1377,0.3375,0.2989,0.5497,2.3474
300,330,28,36,0.2614,0.3453,0.4838,0.5190,0.6872,0.6417,0.4124,0.3801,0.6795,0.7032,0.8846,0.3324,0.2109,0.2459,0.1926,0.0924,0.0715,0.0958,0.1143,0.1378,0.3469,2.4263
300,330,36,44,0.2543,0.4230,0.5942,0.5651,0.7464,0.6883,0.3881,0.3855,0.6727,0.7261,0.8640,0.2711,0.1823,0.2147,0.1600,0.0596,0.0539,0.0354,0.0459,0.1248,0.2963,2.6829
320,350,4,12,0.1168,0.2490,0.3450,0.4068,0.6057,0.5618,0.4137,0.2712,0.6597,0.6760,0.9412,0.3933,0.2161,0.2539,0.2201,0.1678,0.0941,0.1309,0.1490,0.1131,0.2576,1.8799
320,350,12,20,0.1113,0.1892,0.2763,0.3293,0.4801,0.4488,0.4012,0.2767,0.5154,0.5483,0.7713,0.2699,0.2057,0.2386,0.1852,0.1080,0.0608,0.0906,0.0963,0.0880,0.1424,1.5047
320,350,20,28,0.1784,0.2322,0.3385,0.3618,0.5124,0.4775,0.3638,0.2842,0.5077,0.5492,0.7427,0.2323,0.1721,0.1903,0.1512,0.0632,0.0459,0.0396,0.0476,0.0668,0.1819,1.6772
320,350,28,36,0.1511,0.2910,0.3954,0.3941,0.5297,0.4856,0.3404,0.2688,0.4740,0.5283,0.6756,0.1777,0.1544,0.1756,0.1420,0.0625,0.0473,0.0306,0.0233,0.0684,0.1383,1.8523
320,350,36,44,0.2555,0.3423,0.5013,0.4503,0.5721,0.5217,0.4275,0.3501,0.4825,0.5477,0.6629,0.1775,0.1781,0.1939,0.1520,0.0837,0.0606,0.0275,0.0180,0.0778,0.1388,1.9519
340,370,4,12,0.1771,0.1891,0.2657,0.2782,0.3795,0.3591,0.4494,0.2930,0.4053,0.4417,0.6484,0.1776,0.1669,0.2040,0.1438,0.0745,0.0376,0.0625,0.0287,0.0406,0.4616,1.2583
340,370,12,20,0.1804,0.1881,0.2827,0.2741,0.3865,0.3660,0.3752,0.2569,0.4175,0.4553,0.6537,0.1668,0.1456,0.1764,0.1292,0.0590,0.0318,0.0264,0.0151,0.0349,0.2878,1.2231
340,370,20,28,0.1061,0.2179,0.3016,0.2935,0.3819,0.3581,0.2323,0.1590,0.3836,0.4304,0.5973,0.1381,0.1107,0.1293,0.1139,0.0500,0.0296,0.0251,0.0094,0.0332,0.3384,1.2245
340,370,28,36,0.1235,0.1634,0.2414,0.2600,0.3640,0.3335,0.3019,0.1905,0.3396,0.3870,0.5233,0.1186,0.1208,0.1489,0.1284,0.0926,0.0492,0.0259,0.0128,0.0438,0.1201,1.2664
340,370,36,44,0.2328,0.4473,0.6359,0.5014,0.5448,0.4938,0.3775,0.2642,0.4134,0.4651,0.5391,0.1483,0.1478,0.1721,0.1539,0.1255,0.0741,0.0329,0.0180,0.0613,0.3079,1.7891
360,390,4,12,0.1694,0.3031,0.4063,0.3945,0.4810,0.4584,0.4229,0.2866,0.4558,0.4976,0.6632,0.1551,0.1362,0.1696,0.1115,0.0516,0.0261,0.0141,0.0036,0.0269,0.4820,1.6232
360,390,12,20,0.0982,0.2641,0.3527,0.3192,0.4015,0.3702,0.2593,0.1640,0.3722,0.4113,0.5657,0.1186,0.0910,0.1174,0.0949,0.0498,0.0245,0.0292,0.0030,0.0206,0.2740,1.2767
360,390,20,28,0.0875,0.1266,0.1714,0.1905,0.2658,0.2338,0.2034,0.1171,0.2461,0.2852,0.4240,0.0718,0.0770,0.0965,0.0850,0.0543,0.0219,0.0272,0.0062,0.0221,0.3309,0.7361
360,390,28,36,0.1928,0.2048,0.2896,0.2754,0.3425,0.3023,0.3748,0.2377,0.2782,0.3211,0.4246,0.0925,0.1425,0.1716,0.1384,0.1362,0.0565,0.0352,0.0137,0.0348,0.0790,1.0115
360,390,36,44,0.1402,0.4364,0.5779,0.4645,0.4803,0.4085,0.3333,0.1916,0.3226,0.3657,0.4383,0.1193,0.1413,0.1713,0.1636,0.1503,0.0812,0.0416,0.0300,0.0595,0.3183,1.3490
380,410,4,12,0.0639,0.2727,0.3518,0.3503,0.4163,0.4015,0.2988,0.1501,0.3768,0.4103,0.5290,0.1218,0.0820,0.1066,0.0796,0.0467,0.0196,0.0208,0.0009,0.0207,0.1531,1.4272
380,410,12,20,0.0556,0.1572,0.2099,0.2150,0.2528,0.2364,0.2668,0.1108,0.2164,0.2503,0.3481,0.0655,0.0674,0.0862,0.0703,0.0517,0.0170,0.0156,0.0009,0.0109,0.1382,0.7992
380,410,20,28,0.0699,0.1453,0.1862,0.1814,0.2239,0.2080,0.2874,0.1365,0.1926,0.2291,0.3252,0.0574,0.0790,0.0977,0.0802,0.0687,0.0205,0.0197,0.0033,0.0116,0.0000,0.6722
380,410,28,36,0.1155,0.3377,0.4397,0.3589,0.3792,0.3568,0.4812,0.2441,0.3052,0.3441,0.4028,0.1521,0.1948,0.2289,0.1791,0.1904,0.0774,0.0355,0.0174,0.0389,0.1664,1.2500
380,410,36,44,0.0671,0.2690,0.3811,0.3366,0.3376,0.3067,0.3838,0.1780,0.2550,0.2925,0.3858,0.1198,0.1708,0.2096,0.1890,0.1718,0.0873,0.0347,0.0349,0.0422,0.0365,0.9769
120,165,4,16,0.1440,0.2560,0.3415,0.3801,0.5710,0.5344,0.6571,0.4420,0.5580,0.6152,0.7750,0.2750,0.2607,0.3127,0.2232,0.1412,0.0674,0.0190,0.0078,0.0329,0.0000,1.7647
120,165,12,24,0.1838,0.3694,0.4709,0.5037,0.7063,0.6721,0.6621,0.4404,0.6671,0.7159,0.8256,0.3255,0.2582,0.3056,0.2319,0.1606,0.0742,0.0191,0.0062,0.0300,0.0000,2.3058
120,165,20,32,0.1876,0.3238,0.4286,0.4555,0.6564,0.6167,0.6586,0.4242,0.6277,0.6700,0.7920,0.3128,0.2678,0.3164,0.2471,0.1903,0.0853,0.0179,0.0098,0.0444,0.0000,2.0889
120,165,28,40,0.1825,0.3289,0.4340,0.4578,0.6446,0.6018,0.6195,0.4008,0.5820,0.6258,0.7319,0.2599,0.2457,0.2899,0.2339,0.1692,0.0802,0.0193,0.0099,0.0438,0.0000,2.0390
120,165,36,48,0.2200,0.3436,0.4495,0.4505,0.6198,0.5691,0.5789,0.3955,0.5256,0.5747,0.6672,0.2188,0.2254,0.2649,0.2179,0.1514,0.0749,0.0165,0.0085,0.0378,0.0000,1.8995
140,185,4,16,0.2753,0.2935,0.3751,0.4015,0.6119,0.5776,0.8306,0.6333,0.6048,0.6578,0.8250,0.3123,0.3699,0.4227,0.3117,0.2111,0.1148,0.0230,0.0219,0.0381,0.0679,1.9234
140,185,12,24,0.1910,0.2781,0.3793,0.4137,0.5972,0.5557,0.6091,0.4357,0.5636,0.6121,0.7675,0.2785,0.2749,0.3224,0.2928,0.2350,0.1224,0.0230,0.0273,0.0502,0.0000,1.8787
140,185,20,32,0.1786,0.2794,0.3955,0.4170,0.5804,0.5346,0.5650,0.3985,0.5398,0.5815,0.7286,0.2700,0.2657,0.3125,0.3065,0.2395,0.1401,0.0277,0.0313,0.0523,0.0030,1.8228
140,185,28,40,0.1756,0.2729,0.3737,0.4114,0.5755,0.5268,0.5747,0.4084,0.5276,0.5661,0.6992,0.2504,0.2939,0.3434,0.3436,0.2599,0.1615,0.0275,0.0329,0.0575,0.0000,1.7753
140,185,36,48,0.1947,0.3201,0.4317,0.4416,0.5977,0.5488,0.6104,0.4504,0.5267,0.5702,0.6839,0.2436,0.3392,0.3957,0.3711,0.2747,0.1669,0.0255,0.0335,0.0602,0.0000,1.8233
160,205,4,16,0.3523,0.4570,0.5819,0.6092,0.7974,0.7912,0.8773,0.7349,0.8045,0.8353,0.9578,0.4490,0.4194,0.4723,0.3670,0.2521,0.1597,0.0384,0.0419,0.0332,0.1089,2.6087
160,205,12,24,0.1923,0.2931,0.4135,0.4442,0.5950,0.5678,0.5584,0.4822,0.5566,0.5964,0.7353,0.2777,0.3569,0.4127,0.4109,0.3201,0.2230,0.0398,0.0667,0.0528,0.0828,1.8686
160,205,20,32,0.1965,0.3008,0.4239,0.4324,0.5641,0.5267,0.5874,0.5160,0.5070,0.5467,0.6845,0.2617,0.4878,0.5591,0.5677,0.4431,0.3783,0.0488,0.0906,0.0775,0.2551,1.7731
160,205,28,40,0.2515,0.2928,0.3998,0.4387,0.5824,0.5516,0.7065,0.6317,0.5507,0.5861,0.7367,0.3080,0.6167,0.7060,0.6705,0.5217,0.4371,0.0552,0.1081,0.0927,0.1225,1.8451
160,205,36,48,0.3254,0.3191,0.4387,0.4781,0.6361,0.6108,0.8692,0.8491,0.6260,0.6547,0.8106,0.3704,0.7511,0.8500,0.7010,0.4831,0.3932,0.0493,0.0965,0.0753,0.0703,1.9958
180,225,4,16,0.3324,0.5842,0.7157,0.7333,0.9125,0.9063,0.7336,0.7007,0.8800,0.9156,0.9950,0.4954,0.4087,0.4674,0.3796,0.2235,0.1734,0.0536,0.0671,0.0544,0.0000,3.0201
180,225,12,24,0.3102,0.3289,0.4315,0.4853,0.6436,0.6307,0.7599,0.7970,0.6421,0.6833,0.8241,0.3971,0.6483,0.7170,0.6377,0.4731,0.4284,0.0853,0.1623,0.1404,0.1191,2.0773
180,225,20,32,0.4779,0.3644,0.4687,0.5136,0.6601,0.6536,1.0599,1.1957,0.7045,0.7351,0.8972,0.5577,1.1557,1.2140,1.0271,0.8834,0.8874,0.1549,0.3163,0.2810,0.1862,2.2189
180,225,28,40,0.5271,0.4232,0.5420,0.5819,0.7601,0.7588,1.1474,1.2910,0.8495,0.8655,1.0452,0.7155,1.2662,1.3365,1.0752,0.9347,0.9062,0.1703,0.3266,0.2857,0.3029,2.5979
180,225,36,48,0.5693,0.6001,0.7715,0.7978,0.9993,1.0388,1.3521,1.5468,1.1474,1.1436,1.2568,0.9911,1.3560,1.4398,1.0273,0.7690,0.7355,0.1408,0.2275,0.1866,0.1083,3.4880
200,245,4,16,0.4430,0.5885,0.7192,0.7251,0.9144,0.8754,0.5367,0.5984,0.8541,0.9038,0.9966,0.4762,0.3743,0.4381,0.3720,0.1702,0.1635,0.0597,0.0910,0.0758,0.0000,2.9867
200,245,12,24,0.5830,0.5250,0.6265,0.6850,0.8829,0.8759,0.8305,1.0636,0.9439,0.9811,1.0844,0.7677,0.8208,0.8967,0.7415,0.4840,0.4711,0.1475,0.2985,0.2689,0.0000,3.0313
200,245,20,32,0.8406,0.8303,0.9092,0.9748,1.1572,1.1961,1.4896,2.0154,1.3201,1.3350,1.3641,1.3411,1.7830,1.7898,1.3326,1.1071,1.1496,0.4526,0.6607,0.6239,0.4404,4.4462
200,245,28,40,0.7260,0.8594,0.9542,0.9993,1.2082,1.2431,1.3815,1.6329,1.3962,1.3863,1.4322,1.4326,1.6225,1.6285,1.2770,1.1695,1.2116,0.4239,0.6635,0.6382,0.9773,4.7498
200,245,36,48,0.7581,1.0040,1.1592,1.1967,1.4606,1.5163,1.3876,1.5878,1.6667,1.6280,1.5843,1.6256,1.4323,1.4482,1.0703,0.9548,0.9367,0.3571,0.4813,0.4542,0.2629,5.4299
220,265,4,16,0.9739,0.6194,0.7867,0.7025,0.8771,0.8336,0.8420,1.1730,0.8156,0.8890,0.9825,0.4641,0.7019,0.7884,0.5797,0.2336,0.2444,0.0591,0.0901,0.2026,0.0693,2.8356
220,265,12,24,0.8486,0.8821,1.0424,1.0184,1.1947,1.2134,1.0747,1.4826,1.2478,1.3020,1.3116,1.0213,1.0554,1.1390,0.8778,0.4725,0.4874,0.1613,0.2918,0.3913,0.1267,4.2109
220,265,20,32,0.7612,1.4472,1.4635,1.6076,1.7632,1.8518,1.2955,1.7968,1.9461,1.9421,1.7179,2.0190,1.4866,1.4964,1.1534,0.8006,0.8658,0.5125,0.7927,0.8324,0.6762,6.6704
220,265,28,40,0.5836,1.0806,1.0907,1.2210,1.3658,1.4087,1.0669,1.2363,1.5284,1.5071,1.4202,1.6507,1.1858,1.1995,1.0475,0.8815,0.8997,0.7429,0.9526,0.9692,0.9284,6.1444
220,265,36,48,0.5906,1.0711,1.1080,1.2197,1.3717,1.3931,0.9868,1.0585,1.4662,1.4360,1.3178,1.4694,0.9707,0.9856,0.8739,0.7881,0.7216,0.6468,0.7337,0.7590,0.6725,6.0953
240,285,4,16,1.5316,1.3160,1.5473,1.3182,1.5108,1.5274,1.3782,1.9404,1.4982,1.5198,1.4520,1.0657,1.2192,1.3037,0.9367,0.5357,0.4899,0.1185,0.1394,0.3718,0.2559,5.5631
240,285,12,24,0.7178,1.2796,1.4399,1.4211,1.6112,1.6432,1.2278,1.5274,1.6591,1.6727,1.5439,1.3658,1.1806,1.2443,1.0342,0.7626,0.6881,0.2508,0.3518,0.4877,0.1876,5.8132
240,285,20,32,0.3666,1.2807,1.2702,1.4163,1.5845,1.6257,0.8799,0.9878,1.6749,1.6693,1.4619,1.6123,0.9241,0.9734,0.9312,0.7790,0.7560,0.5155,0.6749,0.6963,0.5689,5.8115
240,285,28,40,0.3349,0.8911,0.9066,1.0037,1.1420,1.1680,0.8565,0.9384,1.2449,1.2402,1.1535,1.2681,0.8565,0.9057,0.8475,0.7389,0.6665,0.7177,0.8150,0.8078,0.7801,5.0356
240,285,36,48,0.4295,0.8199,0.8650,0.9147,1.0339,1.0408,0.9264,1.0174,1.0917,1.0883,1.0262,1.0492,0.7881,0.8425,0.7133,0.5883,0.4581,0.6269,0.6548,0.6310,0.5104,4.8846
260,305,4,16,1.1794,2.0377,2.2666,2.0221,2.1643,2.2210,1.7216,2.2314,2.1792,2.1538,1.9108,1.7638,1.6645,1.7589,1.1409,0.8968,0.8253,0.2325,0.2948,0.5837,0.5858,8.4605
260,305,12,24,0.3999,1.1752,1.2817,1.3596,1.5600,1.5790,1.0453,1.1777,1.6427,1.6188,1.5016,1.4351,1.0870,1.1446,0.9778,0.9809,0.8849,0.4018,0.6256,0.6809,0.7008,6.0826
260,305,20,32,0.2165,0.6188,0.6885,0.7776,0.9712,0.9507,0.6447,0.6408,1.0368,1.0297,1.0642,0.8819,0.6195,0.6885,0.6944,0.6893,0.6166,0.4678,0.7147,0.6722,0.9056,3.8950
260,305,28,40,0.3393,0.5864,0.6796,0.7311,0.9217,0.9120,0.8096,0.8914,1.0119,1.0099,1.0409,0.8852,0.6957,0.7567,0.6402,0.5597,0.4458,0.4128,0.5591,0.4919,0.7667,3.5424
260,305,36,48,0.4670,0.6760,0.8067,0.8280,1.0268,1.0243,0.8397,0.9636,1.1084,1.1075,1.1257,0.8963,0.6274,0.6891,0.5103,0.3817,0.2770,0.2810,0.3322,0.3000,0.6818,3.9238
280,325,4,16,0.4920,1.6408,1.7938,1.8192,1.9715,1.9884,1.1745,1.3282,2.0869,2.0121,1.9049,1.8078,1.1522,1.2483,0.8193,0.7289,0.6554,0.2839,0.4893,0.5667,0.5447,7.4432
280,325,12,24,0.1988,0.6570,0.7243,0.8321,1.0178,0.9940,0.6669,0.6543,1.1055,1.0876,1.1787,0.9561,0.6627,0.7397,0.6305,0.6461,0.5881,0.3751,0.7177,0.6627,0.7069,4.0037
280,325,20,32,0.2021,0.3433,0.4434,0.5135,0.6907,0.6606,0.5411,0.5172,0.7520,0.7537,0.9270,0.5376,0.4165,0.4878,0.4192,0.3735,0.3196,0.2818,0.5273,0.4943,0.7278,2.8527
280,325,28,40,0.2760,0.5148,0.6256,0.6957,0.8925,0.8542,0.5238,0.5019,0.9289,0.9303,1.0356,0.6536,0.3126,0.3711,0.2991,0.2106,0.1568,0.1880,0.3006,0.2740,0.3342,3.2848
280,325,36,48,0.4084,0.6183,0.8018,0.7928,1.0124,0.9654,0.4926,0.5253,0.9943,1.0150,1.0920,0.6047,0.2599,0.3087,0.2229,0.1146,0.0891,0.1021,0.1345,0.2299,0.3694,3.6669
300,345,4,16,0.1271,0.7691,0.8928,0.9927,1.1837,1.1804,0.5429,0.4166,1.3387,1.2746,1.4320,1.0815,0.4115,0.4616,0.3733,0.3487,0.2414,0.2856,0.3565,0.3093,0.4452,4.3035
300,345,12,24,0.1307,0.3263,0.4394,0.5035,0.6817,0.6539,0.4277,0.3404,0.7550,0.7553,0.9818,0.5268,0.2801,0.3202,0.2729,0.2138,0.1459,0.2406,0.3972,0.3519,0.5678,2.4165
300,345,20,32,0.1832,0.2780,0.3859,0.4301,0.6023,0.5652,0.4000,0.3478,0.6214,0.6417,0.8454,0.3343,0.2243,0.2586,0.2085,0.1129,0.0813,0.0870,0.1897,0.1798,0.3529,2.1028
300,345,28,40,0.2117,0.3434,0.4717,0.4795,0.6362,0.5901,0.3922,0.3431,0.5995,0.6391,0.7982,0.2684,0.1917,0.2181,0.1717,0.0781,0.0599,0.0501,0.0689,0.1274,0.2335,2.2679
300,345,36,48,0.3240,0.5037,0.7128,0.6137,0.7459,0.6851,0.3980,0.3754,0.6341,0.6940,0.7970,0.2366,0.1732,0.1951,0.1524,0.0645,0.0550,0.0279,0.0264,0.1174,0.1947,2.6664
320,365,4,16,0.1296,0.2153,0.2972,0.3285,0.4838,0.4585,0.4181,0.2735,0.5309,0.5587,0.7873,0.2889,0.1910,0.2343,0.1861,0.1250,0.0673,0.0989,0.0966,0.0818,0.1266,1.5605
320,365,12,24,0.1335,0.2009,0.3025,0.3205,0.4518,0.4276,0.3665,0.2621,0.4779,0.5153,0.7154,0.2243,0.1719,0.2037,0.1575,0.0822,0.0463,0.0415,0.0580,0.0639,0.1320,1.4538
320,365,20,32,0.1336,0.2277,0.3292,0.3301,0.4603,0.4326,0.2993,0.2353,0.4544,0.4989,0.6679,0.1857,0.1412,0.1648,0.1348,0.0599,0.0399,0.0332,0.0298,0.0549,0.1246,1.5407
320,365,28,40,0.1589,0.2515,0.3630,0.3485,0.4770,0.4420,0.3530,0.2634,0.4315,0.4848,0.6169,0.1633,0.1501,0.1746,0.1430,0.0857,0.0532,0.0294,0.0185,0.0596,0.0937,1.6823
320,365,36,48,0.2325,0.4843,0.6789,0.5445,0.5978,0.5473,0.3890,0.3070,0.4642,0.5232,0.6056,0.1557,0.1549,0.1783,0.1469,0.0877,0.0627,0.0289,0.0141,0.0726,0.1243,2.0317
340,385,4,16,0.1563,0.2366,0.3267,0.3088,0.4178,0.3951,0.4083,0.2677,0.4253,0.4642,0.6534,0.1666,0.1475,0.1789,0.1282,0.0623,0.0322,0.0493,0.0164,0.0375,0.1313,1.3904
340,385,12,24,0.1253,0.2048,0.2946,0.2824,0.3773,0.3508,0.2935,0.1964,0.3778,0.4186,0.5922,0.1378,0.1171,0.1413,0.1109,0.0540,0.0283,0.0427,0.0096,0.0295,0.0538,1.1783
340,385,20,32,0.1035,0.1655,0.2369,0.2453,0.3390,0.3070,0.2442,0.1561,0.3204,0.3654,0.5078,0.1077,0.1051,0.1262,0.1088,0.0645,0.0326,0.0320,0.0095,0.0305,0.1790,1.0278
340,385,28,40,0.1726,0.2437,0.3510,0.3208,0.4045,0.3609,0.3462,0.2237,0.3344,0.3827,0.4913,0.1216,0.1360,0.1635,0.1410,0.1184,0.0603,0.0358,0.0143,0.0414,0.0853,1.2623
340,385,36,48,0.1687,0.4448,0.6036,0.4872,0.5168,0.4542,0.3436,0.2169,0.3722,0.4197,0.4976,0.1291,0.1384,0.1660,0.1484,0.1150,0.0679,0.0334,0.0194,0.0536,0.2228,1.5581
360,405,4,16,0.1244,0.2603,0.3491,0.3325,0.4134,0.3991,0.3457,0.2104,0.3927,0.4308,0.5751,0.1307,0.1053,0.1367,0.0956,0.0492,0.0234,0.0208,0.0030,0.0205,0.1007,1.3959
360,405,12,24,0.0839,0.1319,0.2517,0.2427,0.3076,0.2842,0.2480,0.1331,0.2845,0.3203,0.4547,0.0896,0.0785,0.1021,0.0823,0.0576,0.0210,0.0263,0.0046,0.0153,0.0580,0.9531
360,405,20,32,0.1031,0.1011,0.2029,0.2053,0.2720,0.2457,0.2761,0.1529,0.2422,0.2822,0.3980,0.0814,0.1033,0.1279,0.1031,0.0901,0.0336,0.0266,0.0073,0.0203,0.4252,0.8079
360,405,28,40,0.1558,0.2946,0.4119,0.3547,0.3827,0.3468,0.3923,0.2211,0.2958,0.3374,0.4158,0.1195,0.1626,0.1961,0.1680,0.1724,0.0782,0.0379,0.0204,0.0397,0.1536,1.1704
360,405,36,48,0.1007,0.3357,0.4559,0.3901,0.4022,0.3558,0.3499,0.1766,0.2917,0.3311,0.4198,0.1162,0.1447,0.1791,0.1621,0.1460,0.0750,0.0345,0.0273,0.0495,0.1323,1.1643
380,425,4,16,0.0629,0.2135,0.2674,0.2661,0.3202,0.3043,0.2409,0.1332,0.2841,0.3185,0.4239,0.0895,0.0709,0.0899,0.0699,0.0401,0.0193,0.0186,0.0013,0.0108,0.1101,1.0971
380,425,12,24,0.0646,0.1401,0.1862,0.1823,0.2307,0.2113,0.2364,0.1202,0.1946,0.2280,0.3170,0.0598,0.0675,0.0835,0.0683,0.0487,0.0191,0.0170,0.0023,0.0072,0.1546,0.7356
380,425,20,32,0.0769,0.1744,0.2393,0.2175,0.2795,0.2490,0.3113,0.1708,0.2292,0.2667,0.3532,0.0970,0.1213,0.1431,0.1101,0.0918,0.0386,0.0282,0.0081,0.0233,0.0000,0.8547
380,425,28,40,0.0938,0.2873,0.3858,0.3268,0.3512,0.3240,0.4775,0.2606,0.2885,0.3251,0.4104,0.1632,0.2430,0.2850,0.2172,0.2175,0.1017,0.0388,0.0285,0.0391,0.1939,1.1079
380,425,36,48,0.0605,0.2209,0.3020,0.2757,0.3033,0.2749,0.3975,0.2025,0.2502,0.2860,0.4012,0.1276,0.1995,0.2433,0.1949,0.1644,0.0871,0.0316,0.0313,0.0373,0.1801,0.8953
